WebsiteCode,BaseURL,Status
WDRM25,https://desalination-resource-recovery.com,Active
HIU26,https://www.hydrogen-infrastructure-summit.com/,Active
BIE26,https://www.evcharging-infrastructure.com/,Active
DAU26,https://www.dairycon-show.com/,Active
SPE26,https://www.europe.sustainable-plastics-conference.com/,Active
CPU26,https://www.co2-pipeline-summit.com/,Active
REE25,http://www.ev-battery-recycling.com,Active
HAU26,https://www.health-ai-summit.com,Active
ROU26,https://www.prosthetics-robotics-show.com/,Active
BNZ26,https://www.australia.battery-minerals-show.com/,Active
SFU26,https://www.food-protein-summit.com/,Active
SCSG26,https://www.asia.submarine-cables-summit.com,Active
PRG26,https://www.argentina.shale-production.com/,Active
FPU26,https://www.fermenting-for-pharma.com/,Active
DSM26,https://www.deepsea-mining-summit.com/,Active
SCE26,https://www.europe.submarine-cables-summit.com/,Active
HFE,https://www.europe.hydrogen-fuel-cell-summit.com,Active
WSU,https://usa.stormwater-summit.com,Active
WLZ,https://www.australia.smart-water-utilities.com,Active
BGU,https://www.biogas-summit.com,Active
FCM,https://www.middleeast.oilfield-chemicals-conference.com,Active
BIZ,https://www.australia.evcharging-infrastructure.com,Active
BIUK,https://www.uk.evcharging-infrastructure.com,Active
WLU,https://www.usa.smart-water-utilities.com,Active
SGB,https://www.brazil.smart-grids-conference.com,Active
FOU,https://food-packaging-summit.com,Active
THZ,https://www.australia.telehealth-summit.com,Active
AFS,https://www.frac-sand-conference.com,Active
DDU,https://www.usa.drug-delivery-summit.com,Active
CCE,https://www.europe.carbon-capture-conference.com,Active
REU,https://www.usa.ev-battery-recycling.com,Active
DOU,https://www.usa.digital-oilfields-conference.com,Active
TIU,https://www.peptide-drug-summit.com,Active
BTA,https://usa.battery-technology-conference.com,Active
EGU,https://www.enhanced-geothermal-systems.com,Active
CRU,https://www.crispr-medicine.com,Active
DLG,https://argentina.direct-lithium-extraction-show.com,Active
RGU26,https://www.regenerative-agriculture-summit.com/,Active
OBU26,https://www.metabolic-medicine-summit.com/,Active
SDU26,https://www.software-defined-vehicles-summit.com/,Active
SLU26,https://www.sustainable-lithium-refining.com/,Active
MRU26,https://www.the-mrna-conference.com/,Active
PCU,https://www.chiplet-summit.com/,Active
SGC,https://www.canada.smart-grids-conference.com/,Active
WLKU,https://www.usa.water-leakage-summit.com/,Active
HIE,http://www.europe.hydrogen-infrastructure-summit.com/,Active
EFU,http://e-fuels-summit.com/,Active
AFU,https://www.agri-plastics-show.com/,Active
WLE,https://www.smart-water-utilities.com/,Active
WMA,https://www.shale-water-management.com,Active
HDU,https://www.drilling-for-hydrogen.com/,Active
CLF,https://www.canada.artificial-lift-conference.com/,Active
VFU,https://www.vertical-farming-show.com,Active
VPU,https://www.virtual-power-plants-summit.com/,Active
RFU,https://www.rail-fleet-maintenance.com/,Active
WMM,https://middleeast.produced-water-management.com,Active
THU,https://telehealth-summit.com,Active
FLE,https://www.europe.electric-fleets-summit.com,Active
FZU,https://fertilizer-summit.com/,Active
FAU,https://www.autofarm-show.com,Active
OMU,https://www.operating-room-summit.com,Active
VXU,https://www.vehicle-grid-summit.com,Active
DLC,https://canada.direct-lithium-extraction-show.com/,Active
EAU,https://www.electric-aircraft-conference.com/,Active
BGE,https://www.europe.biogas-summit.com,Active
EOU,https://www.enhanced-oil-recovery-summit.com/,Active
OIM,https://www.middleeast.oil-gas-ai.com/,Active
ORU,https://www.orphan-idle-wells.com/,Active
CCC,https://www.canada.carbon-capture-conference.com,Active
DRN,https://www.norway.drilling-completions.com,Active
FPSU,https://www.fpso-summit.com,Active
STE,https://www.europe.sterilization-summit.com/,Active
SGU,https://www.usa.smart-grids-conference.com/,Active
OWE,https://www.usa.smart-grids-conference.com/,Active
OSC,https://www.oil-sands-conference.com/,Active
SPU,https://www.sustainable-plastics-conference.com/,Active
RMU,https://www.remediation-technology-summit.com/,Active
PRM,https://www.middleeast.unconventional-resources-conference.com/,Active
PSE,https://www.europe.pfas-summit.com/,Active
ODU,https://www.orphan-drug-summit.com/,Active
VVU,https://www.viral-vector-summit.com/,Active
OCU,https://www.pharma-omics-ai.com,Active
WIU,https://www.water-ai-summit.com/,Active
PSZ,https://www.australia.pfas-summit.com,Active
SSLU,https://www.small-scale-lng-summit.com/,Active
WTTU,https://www.usa.water-treatment-summit.com,Active
RSU,https://www.reservoir-simulation-conference.com,Active
SGE,https://www.europe.smart-grids-conference.com,Active
SCU,https://www.submarine-cables-summit.com/,Active
BLU,https://www.biofuels-congress.com,Active
LFU,https://www.lfp-battery-tech.com/,Active
MRE,https://www.europe.the-mrna-conference.com/,Active
ACU,https://www.automotive-cybersecurity-conference.com,Active
CCU,https://www.usa.carbon-capture-conference.com/,Active
DDE,https://www.europe.drug-delivery-summit.com/,Active
FLU,https://www.usa.electric-fleets-summit.com/,Active
ADA,https://www.adc-conference.com,Active
WLKE,https://www.europe.water-leakage-summit.com/,Active
PPTX,https://www.texas.pipeline-leak-detection.com,Active
HFU,https://www.hydrogen-fuel-cell-summit.com,Active
WSE,https://www.stormwater-summit.com/,Active
AVU,https://www.autonomous-vehicles-conference.com/,Active
